<plugin name='jasper' version='1.13.0-SNAPSHOT' grailsVersion='2.1.0 &gt; *'>
  <author>Craig Andrews</author>
  <authorEmail>candrews@integralblue.com</authorEmail>
  <title>Jasper Plugin</title>
  <description>
	Adds easy support for launching jasper reports from GSP pages.
	After installing, run your application and request (app-url)/jasper/demo for a demonstration and instructions.
    </description>
  <documentation>http://www.grails.org/plugin/jasper</documentation>
  <type>JasperGrailsPlugin</type>
  <resources>
    <resource>org.codehaus.groovy.grails.plugins.jasper.JasperController</resource>
    <resource>org.codehaus.groovy.grails.plugins.jasper.JasperDemoController</resource>
    <resource>org.codehaus.groovy.grails.plugins.jasper.JasperService</resource>
    <resource>org.codehaus.groovy.grails.plugins.jasper.JasperTagLib</resource>
  </resources>
</plugin>